company_id,company_name,company_website
ad_RS1_3504071_100040714000000020,Corby Kawasaki Centre,http://www.corbykawasaki.co.uk/
ad_T2_4397668_100008174395000010,The Wheel Deal Ltd,http://www.thewheeldealltd.co.uk
ad_T1_7401265_100040381925000020,J & S Autos,http://www.jandsautos-northampton.co.uk/
ad_LVIP_7326628_100040429077000020,Ian's Autos,http://www.iansautosbrackley.co.uk
ad_T1_3430407_100008650737000010,The Garage of Corby,http://www.thegarageofcorby.co.uk
ad_T1_1435798_100040401288000090,Brooklands,http://www.brooklandsgarage.co.uk/our-services/
ad_T2_901455704_100040418693000060,F.J Morris Contracting Ltd,http://www.fjmorris.co.uk/fleet-services.aspx
ad_LVIP_1611277_100040642615000020,Hi-Tech Automotive Services,http://www.hitechautoservices.co.uk
ad_T2_4201440_100040384899000020,Ace Gearboxes Ltd,http://www.acegearboxes.co.uk/
ad_T1_901306659_100040423933000020,Higham Tyre & MOT Centre,http://highamtyresandmot.co.uk
ad_T2_4573189_100040436318004540,Mr Clutch Autocentres,https://www.mrclutch.com/branch/northampton
ad_BOB5_9164105_100040704193000020,Reflections Garage Doors,https://www.reflectionsgaragedoors.co.uk/
ad_LS5_4618184_100040524921000020,AMS Autocare,http://www.amsautocare.co.uk
ad_LS5_8442646_100040416576000020,Fred Harris Garage Doors,https://fredharrisgaragedoors.co.uk/
ad_LS2_3897419_100040526328000020,Purkiss Garage Door Repairs,https://www.purkissgaragedoorrepairs.co.uk/
ad_LS2_1581508_100040453941000100,Arron Door Services Ltd,http://www.arrondoorservicesltd.com
ad_BOB4_9911336_100040736827000040,Automotive Solutions Corby Ltd,https://www.automotivesolutionscorby.com/?utm_source=yell&utm_medium=referral&utm_campaign=yell
ad_LVIP2_7137933_100040626266000020,C G S Auto Centre Ltd,http://www.cgsautocentre.co.uk
ad_BOB4_1367694_100040698102000020,Town Garage Brackley Ltd,http://towngarage-brackley.co.uk/?utm_source=yell&utm_medium=referral&utm_campaign=yell
ad_T1_7409251_100008119047000010,Northampton Welding,http://www.northamptonwelding.co.uk
ad_LVIP_6795383_100040665851000150,All County Maintenance Ltd,https://www.allcountymaintenance.co.uk/
ad_BOB1_9940532_100040859631000020,Nailed it Property Services Ltd,http://www.facebook.com/naileditps/
ad_BOB5_8378320_100040774199000020,Neil O'Dell Property Renovations,
ad_BOB1_7527192_100040862211000050,Jessels Autos,https://www.jesselsautos.co.uk
ad_LVIP_9571502_100040630264000050,S Hamilton Building,https://www.facebook.com/SimonHamiltonBuilding/
ad_BOB1_9902984_100040858069000020,Dirty Windows,https://www.dirty-windows.co.uk/
ad_BOB1_10200659_100040817470000020,Wellingborough Window & Gutter Cleaning,http://www.wellingboroughwindowandguttercleaning.co.uk
ad_BOB1_10203242_100040818766000040,JAM & Co,https://www.jamandco.co.uk/?utm_source=yell&utm_medium=referral&utm_campaign=yell
ad_LVIP_9407622_100040632610000020,Craig Stone Service Counts,http://www.craigstoneservicecounts.co.uk/
ad_T2_7809744_100008498597000020,A Beck & Son Landscapes,http://www.becklandscapes.co.uk
ad_LVIP_3030392_100040394612000040,Dan's Motor Repairs & Son,http://www.dans-motorrepairs.co.uk
ad_BOB1_901717246_100040735587000120,A S Roofing,https://www.asroofingcontractors.co.uk
ad_LS5_9177748_100040648650000020,Adam Clifton Plastering Services,http://www.adamcliftonplastering.co.uk
ad_LS2_901246470_100040389632000050,Hassett Fencing Ltd,http://www.hassettfencingltd.co.uk
ad_LD_7805351_100040816813000050,D L J Carpentry Services,https://www.facebook.com/dljcarpentryservices.co.uk/
ad_BOB1_10308594_100040868410000020,Revo Performance Centre,https://www.onlyrevo.com/blog/rpc/
ad_LS5_901617729_100040505984000260,VSN Ltd T/A Bodymek,http://www.bodymek-northampton.co.uk
ad_LP_7127972_100040798081000020,Shaun's Handyman Services,http://www.shaunshandyman.co.uk
ad_BOB1_1544415_100040873190000100,N A P S,http://www.northantsautoparts.co.uk
ad_BOB1_901738558_100040887425000020,D&a Moto Ltd,https://damotoltd.co.uk/?utm_source=yell&utm_medium=referral&utm_campaign=yell
ad_BOB1_901739195_100040901021000020,Deal Construction (Northants) Ltd,https://www.dealconstructions.com/
ad_BOB1_901736384_100040856225000020,TF Bricklaying,https://www.facebook.com/TFbricklaying-102572815509341/?ref=page_internal
ad_LP_1581945_100040537728000020,F E M Motors,http://www.femmotors.co.uk
ad_LP_8255621_100040854731000050,UK Asbestos,http://www.asbestosremovalsoxford.co.uk
ad_LVIP_8957508_100040505986000020,D&M Motors,http://www.dmmotorsspringlane.co.uk/services
ad_T2_8882600_100040447262000070,TNJ Build,https://www.facebook.com/tnj-build-104949284252006
ad_LP_7126723_100040688592000050,Freeland Autos,http://www.vwandaudispecialist.co.uk
ad_FLE_901268815_-,Fernie Garage Doors,
ad_LP_1582513_100040538013000020,G Hamson & Son Ltd,
ad_T2_1609409_100007531987000030,Moulton Autocare,http://www.moultonautocare.co.uk
ad_LP_901565182_100040529742006470,National Tyres and Autocare,https://www.national.co.uk/branch/435/wellingborough/
ad_LP_901562320_100040548865002150,National Tyres and Autocare,https://www.national.co.uk/branch/658/northampton/
ad_LP_901564437_100040529742001790,National Tyres and Autocare,https://www.national.co.uk/branch/495/corby/
ad_T2_901302106_100007204244000050,Tim Howard Smith Ltd,http://www.timhoward-smith.co.uk
ad_BOB1_901723737_100040772540000020,Unit 9 Tyres,http://www.woodfordhalsetyres.co.uk
ad_LP_9210440_100040682188000050,P H Magovern,http://www.ratedpeople.com/profile/p-h-magovern/index?utm_source=yell&utm_medium=referral&utm_campaign=yell
ad_LD_1490151_100040586614000020,Woodford Halse Garage Ltd,http://www.woodfordhalsegarage.co.uk
ad_BOB1_901738977_100040895866000040,Lahman Auto Service,http://www.facebook.com/lahman.auto
ad_T2_901583674_100007204244000020,Tim Howard Smith Ltd,http://www.timhoward-smith.co.uk
ad_T2_7028239_100007978575000030,M J Parratt & Son Ltd,http://www.mjparrattandson.com
ad_LVIP_1566870_100040384500000020,Power Builders,http://www.power-builders.co.uk
ad_LP_1300760_100040800699000020,Moreton Pinkney Garage,http://www.moretonpinkneygarage.co.uk/
ad_LVIP2_8281118_100040547830000080,Higham Tyre & M O T Centre,http://highamtyresandmot.co.uk
ad_LS5_3778331_100040505984000230,Bodymek,http://www.bodymek-northampton.co.uk
ad_LP_7458313_100040549822000020,Mr Fixit Building Services,http://www.mrfixitbuildingservices.co.uk
ad_T2_7266301_100007979127000010,M.L Quality Plastering,http://mlqualityplastering.co.uk
ad_LD_7027043_100040550903000020,Steven Parkin,http://www.stevenparkinbuilders.co.uk/block-paving
ad_FLE_8084671_-,1st Stop Door Shop Ltd,http://www.purkissgaragedoorrepairs.co.uk/
ad_FLE_3833342_-,Complete Autocare Ltd,http://www.complete-autocare.co.uk
ad_FLE_7770229_-,The Garage,http://www.weedongarage.com
ad_FLE_8566629_-,Guardian Garage Doors,http://www.guardiangaragedoors.co.uk/?utm_source=yell&utm_medium=referral&utm_campaign=yell&utm_source=yell&utm_medium=referral&utm_campaign=yell
ad_FLE_8745348_-,Northants Garage Doors Ltd,https://www.northantsgaragedoors.co.uk
ad_FLE_8175382_-,M & A M O T & Service Centre,https://www.matyrescorby.co.uk?utm_source=yell&utm_medium=referral&utm_campaign=yell
ad_FLE_1456899_-,I G Nichol,http://www.ignichol.co.uk
ad_FLE_8726025_-,DM Property Services,http://www.dm-property-services.co.uk
ad_FLE_3612010_-,R & W Autos,http://www.robertsautos.co.uk/
ad_FLE_7138688_-,A & S Auto Sparks,http://www.aandsautosparks.co.uk
ad_FLE_7653048_-,Hillside Garage,http://www.facebook.com/carspex.garage
ad_FLE_8676015_-,Elleet UK Ltd,http://www.elleetuk.co.uk?utm_source=yell&utm_medium=referral&utm_campaign=yell
ad_FLE_5860323_-,Northants Brickwork,http://bricklayernorthamptonshire.co.uk/
ad_FLE_8993167_-,Seamless Guttertech Ltd,https://www.seamlessguttertech.co.uk?utm_source=yell&utm_medium=referral&utm_campaign=yell
ad_FLE_8821543_-,The Property Doctor,http://www.thepropertydoctorrushden.co.uk
ad_FLE_8412241_-,CB Building & Maintenance Ltd,
ad_FLE_8536826_-,N K Autos Ltd,https://www.nkautoscorby.co.uk/
ad_FLE_9733031_-,Automotive Fleet Support Ltd,https://www.automotivefleetsupport.co.uk
ad_FLE_8926217_-,Alex Little Panel & Paint,http://www.alexlittlepanelandpaint.co.uk
ad_FLE_9283004_-,N Mayes Bespoke Building,https://www.nmayesbespokebuilding.co.uk
ad_FLE_901725185_-,SDL Home Improvements,https://www.facebook.com/SDLHomeImprovements2020/?ref=page_internal
ad_FLE_901712923_-,M.D.M Plastering Services,http://WWW.M-D-M-PLASTERING-SERVICES.UENIWEB.COM
ad_FLE_4472979_-,R Swallow Builders,https://www.rswallowbuilders.com/
ad_FLE_6282024_-,JMC Autos,http://www.jmc-autos.co.uk
ad_FLE_901681104_-,C A Wilson Builders,https://www.cawilsonbuilders.com/?utm_source=yell&utm_medium=referral&utm_campaign=yell
ad_FLE_8727132_-,S R Gill Builders Ltd,http://www.srgillbuilders.co.uk
ad_FLE_1921024_-,Eric W Parker & Co Ltd - East Park Garage,
ad_FLE_2656109_-,A & J Sectional Buildings Ltd,https://ajsectional.com/
ad_FLE_7488823_-,P S C Mobile Vehicle Repairs,http://www.psc-mvr.co.uk
ad_FLE_9483485_-,Aspire Property Renovations Ltd,http://aspirepropertyrenovationsltd.co.uk
ad_FLE_8238815_-,Northampton Brickwork Ltd,https://www.facebook.com/northamptonbrickwork
ad_FLE_8679961_-,S.J.M Building & Fencing,http://bricklayersinnorthampton.co.uk/
ad_FLE_7060549_-,Under the Bonnet Ltd,http://www.underthebonnet.net
ad_FLE_8277659_-,S & T Motors,
ad_FLE_7552005_-,Combined Motors Ltd,http://www.combinedmotors.com
ad_FLE_7177575_-,C Caygill Building Services,http://www.ccaygillbuildingservices.com
ad_FLE_901475827_-,Rigas,http://www.rigas-builders.co.uk/
ad_FLE_6743736_-,Aurora Leap,http://www.aleap.co.uk
ad_FLE_9103255_-,UK Door-Tech Ltd,http://www.ukdoor-tech.co.uk
ad_FLE_8942381_-,Prestige for your Home Ltd,http://prestigeforyourhome.co.uk/
ad_FLE_10024550_-,PB Garage,https://facebook.com/PBGarageLtd
ad_FLE_7134060_-,Kings Car Repairs,http://www.kings-car-repairs.co.uk/
ad_FLE_4450364_-,Autocentre Rushden Ltd,http://www.rushden-tyres.co.uk/
ad_FLE_901715454_-,Unit 16 Garage Ltd,http://www.unit16garage.co.uk
ad_FLE_9483513_-,JB's Garage,http://www.jbsgarage.co.uk
ad_FLE_2404700_-,Emmetts Garage Ltd,http://www.emmettsgarage.com
ad_FLE_9061229_-,Harea Construction Ltd,https://harea.co.uk/
ad_FLE_4579042_-,Motorvation,http://motorvation-ltd.co.uk/
ad_FLE_5112540_-,D Eales On Wheels Car Repairs,http://dealesonwheels.co.uk
ad_FLE_734717_-,Basfords Garage,http://www.tanswell.co.uk
ad_FLE_3308635_-,Blue Streak Automotives,http://www.bluestreakautomotive.co.uk/
ad_FLE_8101579_-,Nene Auto Repairs,http://neneautorepairs.weebly.com
ad_FLE_6795353_-,T L R Autos,http://www.tlrautos.com
ad_FLE_901672380_-,J&V Car Express Ltd,
ad_FLE_5075758_-,Chapford Small Build,
ad_FLE_901297004_-,JAB Tyre & Exhaust Ltd,http://www.jabtyres.net
ad_FLE_8955325_-,Garolla,https://www.garolla.co.uk/local-installer/roller-garage-doors-northampton
ad_FLE_8494126_-,The Vehicle Surgeon (TCW),https://www.thevehiclesurgeon.com/
ad_FLE_8602966_-,M & A Cars,http://www.mandacars.co.uk
ad_FLE_9208091_-,IN'n'OUT Autocentres,https://inoautocentres.co.uk/?utm_source=yell&utm_medium=referral&utm_campaign=yell
ad_FLE_9094738_-,AP Garage,https://www.facebook.com/pages/category/automotive-repair-shop/ap-garage-2001105910167924
ad_FLE_7578709_-,A & S Auto Sparks,http://www.aandsautosparks.co.uk
ad_FLE_5864116_-,The Garage Door Centre Ltd,http://www.thegaragedoorcentre.co.uk
ad_FLE_7263590_-,theguttercleaning.com,http://www.theguttercleaning.com
ad_FLE_8585437_-,Kejja Motorsport Ltd,https://kejjamotorsport.co.uk/?utm_source=yell&utm_medium=referral&utm_campaign=yell
ad_FLE_4736448_-,Rushden M O T Centre Ltd,http://www.onestopautocentre.co.uk
ad_FLE_1425548_-,A B Autos,http://www.ab-autos.co.uk
ad_FLE_5552588_-,A A M O T Centre,http://www.aamotcentre.co.uk
ad_FLE_1595030_-,Malc Pratt Motors,
ad_FLE_7806895_-,24HR Rapid Recovery Service,
ad_FLE_1510240_-,Orbit,http://www.orbittyres.com
ad_FLE_2188163_-,Orbit Tyres,http://www.orbittyres.com
ad_FLE_5820341_-,IN'n'OUT Autocentres,http://www.in-n-out.co.uk
ad_FLE_3761565_-,Browns Vehicle Repair Centre,http://www.browns-garage.co.uk/
ad_FLE_901176391_-,Grafton Tyres & Auto Repairs,
ad_FLE_9366258_-,Kwik Nick Motors,http://www.kwik-nick.co.uk
ad_FLE_10054242_-,Top Ceilings Ltd,http://www.topceilings.co.uk
ad_FLE_8386746_-,Other View Ltd,http://www.rollers24.co.uk
ad_FLE_9179964_-,IN'n'OUT Autocentres,http://www.inoautocentres.co.uk
ad_FLE_2315984_-,R G S Motorbikes Ltd,http://www.rgs-motorbikes.co.uk
ad_FLE_3361663_-,P R Eppey Of Rushden,http://www.preppeybuilders.co.uk
ad_FLE_1588942_-,Ape Accessories,http://www.apeaccessories.co.uk
ad_FLE_5024557_-,Auto Mobile Services,http://www.automobileserviceswellingborough.co.uk
ad_FLE_1492548_-,Nicks Motors,
ad_FLE_901205964_-,Combined Motors Ltd,http://www.combinedmotors.co.uk
ad_FLE_8067649_-,Todhunter Plastering Services,http://www.todhunterplastering.com
ad_FLE_8348310_-,Absolute Multi Trade,
ad_FLE_8412175_-,A G Hicks Building Services,http://www.aghicks.co.uk
ad_FLE_1580863_-,Yardley Hastings Garage,http://www.yardleyhastingsgarage.co.uk
ad_FLE_901412812_-,DM Property Maintenance & Construction,
ad_FLE_8614524_-,Corby Handyman Services,http://www.agjpropertyservices.co.uk
ad_FLE_1517901_-,Horton Car Care,http://www.hortoncarcare.co.uk
ad_FLE_2579017_-,D & D Automotive Ltd,
ad_FLE_9895759_-,F.J.B Bros,https://www.fjb-northampton.co.uk/
ad_FLE_901589371_-,John Derwent Building,
ad_FLE_9290795_-,TIB Construction Ltd,http://www.tibconstruction.com
ad_FLE_9040047_-,OSS Homeworks,https://www.osshomeworks.co.uk
ad_FLE_9887286_-,Aspect Property Solutions,https://www.aspectpropertysolutions.co.uk/?utm_source=yell&utm_medium=referral&utm_campaign=yell
ad_FLE_1579394_-,Gells of Raunds Garage,http://www.gellsofraunds.co.uk
ad_FLE_1467841_-,Central Garage Raunds Ltd,http://www.centralgarageraunds.com
ad_FLE_8145279_-,Murphys Motors,http://www.murphysmotors.co.uk
ad_FLE_7158305_-,The Islip Garage,http://www.theislipgarage.co.uk
ad_FLE_1624794_-,Coopers Garage,https://www.coopersgaragerothwell.co.uk/
ad_FLE_4662530_-,Parkham Garage,http://www.parkhamgarage.co.uk
ad_FLE_1519621_-,Oakley Road Garage,http://www.storefield.co.uk
ad_FLE_2950047_-,Welland Garage Ltd,
ad_FLE_7489015_-,Estimates Garage Ltd,https://www.facebook.com/estimatesgarage
ad_FLE_7530352_-,Service M O T Repairs,http://www.service-mot-repairs.co.uk
ad_FLE_8679671_-,Auto Solutions Northampton,https://www.autosolutions-northampton.co.uk/
ad_FLE_7506987_-,Archway Construction,http://www.archwayconstruction.co.uk
ad_FLE_6222847_-,IN Sheds,http://www.insheds.co.uk
ad_FLE_1703385_-,Fastline,http://www.fastlinegroup.co.uk
ad_FLE_7809006_-,Brunel Motors,http://www.brunelmotors.co.uk
ad_FLE_2776690_-,Andy Blake Alfa Romeo Specialists,
ad_FLE_1856793_-,Crystal Motor Co,http://www.crystalmotorcompany.co.uk
ad_FLE_1490864_-,Maple Leaf Garage,http://subaru.co.uk/
ad_FLE_901448420_-,Smashgard Window Films Ltd,
ad_FLE_8378295_-,Evolution M O T Centre,http://www.evolutionmot.co.uk
ad_FLE_7049445_-,The Sohal Repairs Ltd,https://www.facebook.com/le.beaubeauty1
ad_FLE_7542021_-,GB Rally Prep,http://www.gbrallyprep.co.uk
ad_FLE_9758134_-,M W Vehicle Solutions,http://www.mwvehiclesolutions.co.uk
ad_FLE_6736575_-,CD Property Maintenance,http://www.c-d-propertymaintenance.co.uk
ad_FLE_2593224_-,Excel Body Repairs,http://www.excelbodyrepairs.co.uk
ad_FLE_5721207_-,A J Automobiles,
ad_FLE_7403232_-,Brookside Tyre & Repair,
ad_FLE_7378666_-,Goodwill Motors Ltd,http://www.goodwillmotors.co.uk
ad_FLE_5557520_-,Northants Mobile Tyres,http://www.northantsmobiletyres.co.uk
ad_FLE_6868956_-,Crick Auto Services Ltd,http://www.crickautos.co.uk
ad_FLE_1503754_-,Park Road Motors,http://www.motrushden.com/
ad_FLE_8489257_-,L.S Betts Plastering Services,https://www.facebook.com/l.sbettsplasteringservices
ad_FLE_9143265_-,Plastered Ltd,http://www.plasteredlimited.com
ad_FLE_9816727_-,inspire design and build,http://inspiredb.co.uk/
ad_FLE_2396777_-,Barry Purkiss Garage Doors,http://www.barrypurkiss-garagedoors.co.uk
ad_FLE_8175608_-,Sound Furlong Services,
ad_FLE_7505758_-,R M Jones Builder,http://www.rmjonesbuilder.co.uk
ad_FLE_7674858_-,Abacus Builders,
ad_FLE_8747755_-,Level Best Ltd,http://www.levelbestltd.co.uk?utm_source=yell&utm_medium=referral&utm_campaign=yell
ad_FLE_1390473_-,Seckington & Whitehead 2008 Ltd,http://www.seckingtonandwhitehead.co.uk
ad_FLE_3609079_-,Jab Tyre & Exhaust Ltd,http://www.jabtyres.net
ad_FLE_1548493_-,Clarke Brothers,https://www.facebook.com/superdrug
ad_FLE_1427605_-,Vehicle Repair Centre,http://www.vehiclerepaircentre.co.uk
ad_FLE_7773008_-,A C Autos,
ad_FLE_7128692_-,P J Hodge & Sons Ltd,http://www.pjhodge.co.uk
ad_FLE_2464731_-,Higham Auto Services,
ad_FLE_1616715_-,B & M T Cockerill,
ad_FLE_1456539_-,Ned Davis Motors,https://www.facebook.com/ned-davis-motors-151264558240241
ad_FLE_7488953_-,Sheltune Service Centre,http://www.sheltune.co.uk
ad_FLE_8903248_-,S & S Autos,
ad_FLE_3119926_-,Corporate Service Solutions,http://www.corporateservicesolutions.co.uk
ad_FLE_1480309_-,Phils Autos Ltd,
ad_FLE_9579269_-,Diamond Gutter Vac Services,http://www.diamondvehicleservices.co.uk
ad_FLE_2346440_-,M J Auto Services,
ad_FLE_4525063_-,T C J Services,http://www.tcjservices.co.uk
ad_FLE_901615031_-,Amalgamated Tyres,
ad_FLE_8442762_-,Autoworx,
ad_FLE_1432974_-,Simon Tuckley Motor Engineers,http://www.simontmotore.webs.com
ad_FLE_736399_-,P.J Green Ltd,
ad_FLE_10008122_-,Mike's Auto Repairs,https://www.facebook.com/goldhouselaundry/
ad_FLE_10254349_-,Right on Construction,https://www.rightonconstruction.co.uk
ad_FLE_8405417_-,Auto Mobile Diagnostics,
ad_FLE_7868722_-,MJO Vehicle Services,https://www.facebook.com/mjovehicleservices
ad_FLE_901511750_-,The Local Building Company Ltd.,https://thelocalbuildingcompany.com/services/garage-conversions/
ad_FLE_7633139_-,A & S Automotive,http://www.aandsautomotive.moonfruit.com
ad_FLE_9837596_-,Roller Shutter Garage Doors,https://rsgd.co.uk/?utm_source=yell&utm_medium=referral&utm_campaign=yell
ad_FLE_5044789_-,J D Garage,http://www.jdgarage.co.uk
ad_FLE_2044089_-,D & S Turner Ltd,
ad_FLE_7337704_-,R M Motors,http://www.batleymotstation.co.uk
ad_FLE_4226294_-,"Citroen, Peugeot, Renault Specialists",http://www.auto-diag.co.uk
ad_FLE_6882783_-,Signature Transmissions Ltd,http://www.sigtrans.co.uk
ad_FLE_9893693_-,Garage Door Installations,http://www.reflectionsgaragedoors.co.uk/
ad_FLE_901234258_-,Combined Motors Ltd,
ad_FLE_3334444_-,Warner Mechanical Services,http://www.facebook.com/pages/category/automotive-repair-shop/d-warner-mechanical-services-424585927581589/
ad_FLE_1424040_-,Ravensthorpe Service Station,
ad_FLE_1518608_-,Earls Barton Auto Service,http://www.carrepairsnorthampton.co.uk
ad_FLE_3939779_-,A E Rescue,http://www.aesrescue.com
ad_FLE_7624425_-,Vince's MOT Ltd,
ad_FLE_8161539_-,Rio's Property Maintenance & Building Services,
ad_FLE_8190112_-,Wrightbuild Property Maintenance & Refurb Specialist,
ad_FLE_8860598_-,Alternative Roof Solutions,https://www.alternativeroofsolutions.co.uk/windows-and-doors/
ad_FLE_8312681_-,Central Autopoint,http://www.motcorby.co.uk/
ad_FLE_5875583_-,Auto Garage Equipment Ltd,https://www.autogarageequipment.co.uk/?utm_source=yell&utm_medium=referral&utm_campaign=yell
ad_FLE_3641760_-,Access Services,http://www.accessservicesltd.co.uk
ad_FLE_10084257_-,Chryslar Garage,
